Question,Answer
"What is term insurance?","Term insurance is a life insurance policy that provides coverage for a specific period."
"How can I file a claim?","You can file a claim by submitting the necessary documents online or visiting the nearest branch."
"What documents are required for a claim?","You typically need a filled claim form, policy documents, identity proof, and medical/hospital reports."
"Is my policy active?","Please log in to your account on our website or contact customer support to check your policy status."
"Can I change my nominee?","Yes, you can change your nominee by submitting a nominee change request form along with valid ID proof."
"How do I pay my premium online?","You can pay your premium through net banking, credit/debit card, UPI, or our mobile app."
"What is a cashless claim?","A cashless claim allows you to get treatment at network hospitals without paying upfront, subject to policy terms."
"How can I cancel my policy?","To cancel your policy, submit a cancellation request with your policy number and required documents at the nearest branch."
"How do I download my policy document?","Log in to your account on our website and download your policy document under 'My Policies'."
"What is the grace period for premium payment?","Most policies offer a 15-30 day grace period for premium payment, depending on the policy terms."
"Can I revive a lapsed policy?","Yes, a lapsed policy can be revived within a specified period by paying due premiums and submitting health declarations."
"What is a rider in insurance?","A rider is an additional benefit that can be added to your base policy for enhanced coverage."
"Do I get a tax benefit on insurance premiums?","Yes, premiums paid for life and health insurance are eligible for tax deductions under relevant tax laws."
"How do I check my claim status?","You can check your claim status online through our portal or call our customer support."
"Can I port my health insurance policy?","Yes, health insurance portability is allowed between insurers as per IRDAI guidelines."
"What is the waiting period in health insurance?","The waiting period is the time you must wait before certain benefits become available, typically 30 days to 4 years."
"How do I update my contact details?","You can update your contact details by logging into your account or visiting a branch with valid proof."
"What does my policy cover?","Your policy covers various risks as specified in the policy document. Please check the terms and conditions."
"How do I renew my policy?","Policy renewal can be done online through our website, mobile app, or by visiting a branch."
"What happens if I miss my premium payment?","If you miss a premium payment, your policy may lapse after the grace period. Some policies allow reinstatement within a specific timeframe."
Question,Answer
"What is term insurance?","Term insurance is a life insurance policy that provides coverage for a specific period."
"How can I file a claim?","You can file a claim by submitting the necessary documents online or visiting the nearest branch."
"What documents are required for a claim?","You typically need a filled claim form, policy documents, identity proof, and medical/hospital reports."
"Is my policy active?","Please log in to your account on our website or contact customer support to check your policy status."
"Can I change my nominee?","Yes, you can change your nominee by submitting a nominee change request form along with valid ID proof."
"How do I pay my premium online?","You can pay your premium through net banking, credit/debit card, UPI, or our mobile app."
"What is a cashless claim?","A cashless claim allows you to get treatment at network hospitals without paying upfront, subject to policy terms."
"How can I cancel my policy?","To cancel your policy, submit a cancellation request with your policy number and required documents at the nearest branch."
"How do I download my policy document?","Log in to your account on our website and download your policy document under 'My Policies'."
"What is the grace period for premium payment?","Most policies offer a 15-30 day grace period for premium payment, depending on the policy terms."
"Can I revive a lapsed policy?","Yes, a lapsed policy can be revived within a specified period by paying due premiums and submitting health declarations."
"What is a rider in insurance?","A rider is an additional benefit that can be added to your base policy for enhanced coverage."
"Do I get a tax benefit on insurance premiums?","Yes, premiums paid for life and health insurance are eligible for tax deductions under relevant tax laws."
"How do I check my claim status?","You can check your claim status online through our portal or call our customer support."
"Can I port my health insurance policy?","Yes, health insurance portability is allowed between insurers as per IRDAI guidelines."
"What is the waiting period in health insurance?","The waiting period is the time you must wait before certain benefits become available, typically 30 days to 4 years."
"How do I update my contact details?","You can update your contact details by logging into your account or visiting a branch with valid proof."
"What does my policy cover?","Your policy covers various risks as specified in the policy document. Please check the terms and conditions."
"How do I renew my policy?","Policy renewal can be done online through our website, mobile app, or by visiting a branch."
"What happens if I miss my premium payment?","If you miss a premium payment, your policy may lapse after the grace period. Some policies allow reinstatement within a specific timeframe."
"Hello!","Hello! How can I assist you today?"
"How are you?","I'm just a virtual assistant, but I'm here to help! How can I assist you?"
"What is the difference between term insurance and whole life insurance?","Term insurance provides coverage for a specific period, while whole life insurance covers you for your entire life."
"Can I buy an insurance policy online?","Yes, you can buy an insurance policy online through our website."
"What is the claim settlement ratio?","The claim settlement ratio is the percentage of claims settled by an insurance company in a given period."
"Is my insurance policy transferable?","Some policies allow transfer under specific conditions. Please check with customer support."
"What are the exclusions in my policy?","Exclusions vary by policy. Check your policy document for specific exclusions."
"Can I have multiple insurance policies?","Yes, you can have multiple insurance policies from different insurers."
"What is no-claim bonus?","No-claim bonus is a discount given on renewal premiums if no claims were made during the policy term."
"What is a deductible in insurance?","A deductible is the amount you pay out-of-pocket before your insurance starts covering expenses."
"How do I contact customer support?","You can contact customer support through our helpline, email, or chat support on our website."
"What are the different types of insurance policies?","Common types include life insurance, health insurance, motor insurance, and home insurance."
"What is a policy endorsement?","A policy endorsement is a modification to your existing insurance policy."
"Can I cancel my health insurance policy anytime?","Yes, but cancellation terms depend on your policy and insurer."
"How long does it take to settle a claim?","Claim settlement time varies by case, typically ranging from a few days to a few weeks."
"What are the benefits of online insurance?","Online insurance offers convenience, lower premiums, and easy access to policy details."
"Do I need medical tests for insurance?","Some policies require medical tests, while others offer coverage without medical exams."
"What is a group insurance policy?","Group insurance provides coverage to multiple individuals under a single policy, typically offered by employers."
"Can I convert my term policy into a permanent policy?","Some term policies offer a conversion option. Check with your insurer."
"What is insurance underwriting?","Underwriting is the process where insurers evaluate risk before issuing a policy."
"What is co-payment in health insurance?","Co-payment is the percentage of medical expenses you pay out-of-pocket before the insurer covers the rest."
"Can I increase my sum insured?","Yes, many policies allow you to increase coverage at renewal."
"What happens if my policy lapses?","A lapsed policy loses its benefits but may be revived within a specific period."
"What is ULIP?","ULIP (Unit Linked Insurance Plan) is a combination of insurance and investment."
"Do I need to nominate a beneficiary?","Yes, nominating a beneficiary ensures that your insurance benefits go to the right person."
"How do I update my nominee details?","You can update nominee details through the insurer’s website or by visiting a branch."
"What are pre-existing diseases in health insurance?","Pre-existing diseases are medical conditions you had before buying the policy. Coverage depends on policy terms."
"What is a maturity benefit?","Maturity benefit is the amount paid by the insurer when a policy term ends."
"How do I switch insurance providers?","You can switch providers under portability rules set by IRDAI."
"What is an insurance premium?","A premium is the amount you pay for your insurance coverage."
"Can I change my policy tenure?","Some policies allow tenure modification. Check with your insurer."
"How do I know which policy is best for me?","Compare policies based on coverage, benefits, and premium to find the best fit."
"What is a network hospital?","A network hospital is a hospital tied up with your insurer for cashless treatments."
"Does my policy cover COVID-19?","Most health insurance policies now include COVID-19 coverage. Check your policy details."
"What is personal accident insurance?","Personal accident insurance covers injuries, disabilities, or death due to accidents."
"What are the benefits of a floater policy?","A floater policy covers multiple family members under a single sum insured."
"Can I get insurance if I have a critical illness?","Yes, but premiums and terms may vary based on medical history."
"What is term insurance?","Term insurance is a life insurance policy that provides coverage for a specific period."
"How can I file a claim?","You can file a claim by submitting the necessary documents online or visiting the nearest branch."
"What documents are required for a claim?","You typically need a filled claim form, policy documents, identity proof, and medical/hospital reports."
"Is my policy active?","Please log in to your account on our website or contact customer support to check your policy status."
"Can I change my nominee?","Yes, you can change your nominee by submitting a nominee change request form along with valid ID proof."
"How do I pay my premium online?","You can pay your premium through net banking, credit/debit card, UPI, or our mobile app."
"What is a cashless claim?","A cashless claim allows you to get treatment at network hospitals without paying upfront, subject to policy terms."
"How can I cancel my policy?","To cancel your policy, submit a cancellation request with your policy number and required documents at the nearest branch."
"How do I download my policy document?","Log in to your account on our website and download your policy document under 'My Policies'."
"What is the grace period for premium payment?","Most policies offer a 15-30 day grace period for premium payment, depending on the policy terms."
"Can I revive a lapsed policy?","Yes, a lapsed policy can be revived within a specified period by paying due premiums and submitting health declarations."
"What is a rider in insurance?","A rider is an additional benefit that can be added to your base policy for enhanced coverage."
"Do I get a tax benefit on insurance premiums?","Yes, premiums paid for life and health insurance are eligible for tax deductions under relevant tax laws."
"How do I check my claim status?","You can check your claim status online through our portal or call our customer support."
"Can I port my health insurance policy?","Yes, health insurance portability is allowed between insurers as per IRDAI guidelines."
"What is the waiting period in health insurance?","The waiting period is the time you must wait before certain benefits become available, typically 30 days to 4 years."
"How do I update my contact details?","You can update your contact details by logging into your account or visiting a branch with valid proof."
"What does my policy cover?","Your policy covers various risks as specified in the policy document. Please check the terms and conditions."
"How do I renew my policy?","Policy renewal can be done online through our website, mobile app, or by visiting a branch."
"What happens if I miss my premium payment?","If you miss a premium payment, your policy may lapse after the grace period. Some policies allow reinstatement within a specific timeframe."
"What is whole life insurance?","Whole life insurance provides lifelong coverage with a savings component called 'cash value' that grows over time."
"What is endowment insurance?","Endowment insurance combines life coverage with savings, paying a lump sum after a fixed term or on death."
"What is critical illness insurance?","It pays a lump sum upon diagnosis of specific illnesses (e.g., cancer, stroke) to cover treatment costs."
"What is travel insurance?","Travel insurance covers trip cancellations, medical emergencies, lost baggage, and other travel-related risks."
"What is home insurance?","Home insurance protects against damages to your property due to fire, theft, natural disasters, etc."
"What is motor insurance?","Motor insurance covers financial losses due to accidents, theft, or third-party liabilities for your vehicle."
"What is a no-claim bonus (NCB)?","NCB is a discount on renewal premiums if no claims were made in the previous policy term."
"What is a surrender value?","The amount refunded if you terminate a policy before maturity (applicable to endowment/whole life plans)."
"What is a free-look period?","A 15-30 day window after policy purchase to review terms and cancel for a full refund if dissatisfied."
"What is a premium waiver rider?","A rider that waives future premiums if the policyholder becomes disabled or critically ill."
"What is a pre-existing disease (PED)?","A medical condition diagnosed before buying the policy, usually covered after a waiting period (1-4 years)."
"What is daycare treatment coverage?","Covers medical procedures (e.g., cataract surgery) requiring less than 24-hour hospitalization."
"What is a co-payment clause?","A fixed percentage (e.g., 10-20%) of hospital bills you must pay, with the insurer covering the rest."
"What is a cumulative bonus?","An increase in sum insured (usually 5-10% per year) for every claim-free year."
"Does health insurance cover maternity?","Some policies cover maternity after a 2-4 year waiting period. Check your policy terms."
"What is a network hospital?","Hospitals tied to your insurer for cashless treatment. Check our website for the list."
"What is a deductible in health insurance?","The fixed amount you pay before the insurer covers expenses (e.g., ₹5,000 per claim)."
"Can I cover my parents under my health policy?","Yes, via a family floater or separate senior citizen policy, subject to terms."
"What is OPD coverage?","Covers outpatient expenses (e.g., doctor consultations, diagnostics) if included in your policy."
"What is a super top-up plan?","It covers expenses exceeding a threshold (e.g., ₹5 lakh) after exhausting base policy limits."
"What is the difference between ULIP and traditional plans?","ULIPs combine insurance + investment, while traditional plans offer fixed returns."
"How are ULIP returns calculated?","Returns depend on market-linked fund performance (equity/debt) chosen by you."
"What is a systematic withdrawal plan (SWP) in ULIPs?","Allows partial withdrawals from your ULIP fund value at regular intervals."
"Can I switch ULIP funds?","Yes, most insurers allow switching between equity/debt funds based on your risk appetite."
"What is a guaranteed surrender value?","The minimum amount refunded if you surrender a policy after 3+ years (varies by plan)."
"What is an annuity plan?","Provides regular income (monthly/quarterly) after retirement in exchange for a lump sum or premiums."
"What is a child insurance plan?","Combines life coverage + savings for a child’s future needs (e.g., education, marriage)."
"What is a money-back policy?","Pays periodic survival benefits during the policy term + lump sum at maturity."
"What is an accidental death benefit rider?","Pays an extra sum (on top of base coverage) if death occurs due to an accident."
"What is a terminal illness rider?","Allows early payout of a portion of the sum insured if diagnosed with a terminal illness."
"What is a hospital cash rider?","Pays a fixed daily amount for each day of hospitalization, regardless of bills."
"What is a critical illness rider?","Pays a lump sum on diagnosis of specific illnesses (e.g., kidney failure, major burns)."
"How do I calculate the sum insured needed?","Consider liabilities (loans), income replacement, and future expenses (e.g., child’s education)."
"What is the ‘human life value’ concept?","Calculates insurance need based on your income, expenses, and dependents’ future needs."
"Can I take a loan against my policy?","Yes, endowment/ULIP/whole life policies allow loans (up to 80-90% of surrender value)."
"How do I check my policy’s fund value (for ULIPs)?","Log in to your online account or check the annual statement sent by the insurer."
"What is an insurance ombudsman?","A grievance redressal authority for disputes with insurers. Contact details are on IRDAI’s website."
"What is IRDAI?","Insurance Regulatory and Development Authority of India—governs insurance companies in India."
"Can I buy insurance without an agent?","Yes, policies can be bought directly online or through insurer websites."
"What is an instant policy?","Policies issued immediately (e.g., term plans) without medical tests for low coverage amounts."
"What is a medical underwriter?","A professional who assesses health risks before approving your policy."
"What is a proposal form?","A form filled during policy purchase with personal, health, and nominee details."
"What is a policy bond?","The legal document outlining your policy’s terms, conditions, and benefits."
"What is a lapse in policy?","When premiums are unpaid beyond the grace period, leading to loss of benefits."
"What is reinstatement?","Reviving a lapsed policy by paying overdue premiums + interest, subject to terms."
"What is a moratorium period?","In health insurance, after 8 years of continuous coverage, no claims can be denied (except fraud)."
"What is AYUSH treatment coverage?","Covers Ayurveda, Yoga, Unani, Siddha, and Homeopathy treatments if hospitalized."
"What is a restoration benefit?","Reinstates the sum insured (once per year) if exhausted during a claim."
"What is a bariatric surgery cover?","Covers weight-loss surgery in some policies, usually after a waiting period."
"What is a domiciliary hospitalization?","Covers treatment at home if hospitalization isn’t possible but meets policy criteria."
"What is a non-network hospital claim?","You pay bills first and later get reimbursed after submitting documents."
"What is a third-party administrator (TPA)?","An intermediary that processes health claims on behalf of insurers."
"How do I port my car insurance?","Submit a request to the new insurer 60 days before renewal; they’ll handle the switch."
"What is zero depreciation cover?","Motor add-on that covers full claim amount without deducting for depreciation of parts."
"What is an engine protector add-on?","Covers engine damage due to water ingression or oil leakage (excluded in basic policies)."
"What is a consumables cover?","Covers items like nuts, bolts, and fluids in health/motor claims (usually excluded)."
"What is a personal accident cover?","Pays for injuries/death due to accidents, separate from life insurance."
"What is key person insurance?","A policy taken by businesses to cover financial loss if a key employee dies."
"What is a group term insurance?","Employer-provided life coverage for employees, usually for 1-3x annual salary."
"What is a top-up health plan?","Additional coverage that kicks in after exhausting the base policy’s sum insured."
"What is a daily hospital cash benefit?","Pays a fixed amount (e.g., ₹2,000/day) for each day of hospitalization."
"What is a global coverage option?","Health add-on for treatment abroad, subject to limits and terms."
"What is a wellness benefit?","Rewards (e.g., gym discounts) for maintaining health, offered by some insurers."
"What is a telemedicine benefit?","Free doctor consultations via phone/video, included in some health policies."
"What is a second opinion benefit?","Coverage for consulting another specialist to confirm a diagnosis."
"What is a home healthcare benefit?","Covers nursing or physiotherapy at home post-hospitalization."
"What is a pet insurance?","Covers veterinary expenses for pets (rare in India, offered by few insurers)."
"What is cyber insurance?","Covers financial losses due to cybercrime (e.g., phishing, data breaches)."
"What is gadget insurance?","Covers repair/replacement of phones/laptops against damage or theft."
"What is travel insurance for Schengen visa?","Mandatory policy for Schengen countries with €30,000+ medical coverage."
"What is an annual multi-trip policy?","Single travel policy covering unlimited trips in a year (within specified durations)."
"What is missed departure cover?","Reimburses extra costs if you miss a flight due to delays (included in travel policies)."
"What is lost baggage cover?","Compensates for baggage delayed/lost by airlines (typically up to ₹50,000)."
"What is adventure sports cover?","Add-on for risky activities (e.g., scuba diving, skiing) in travel policies."
"What is rental car excess cover?","Pays the deductible if a rented car is damaged/stolen (in travel insurance)."
"What is third-party liability in travel insurance?","Covers legal costs if you accidentally injure someone/damage property abroad."
"What is terrorism cover?","Compensates for cancellations/injuries due to terrorist acts (in travel policies)."
"What is a home content insurance?","Covers furniture, electronics, and valuables against theft/damage at home."
"What is a home structure insurance?","Covers the physical building (walls, roof) against fire, earthquakes, etc."
"What is renters’ insurance?","Covers tenants’ belongings and liability (not the building itself)."
"What is jewelry insurance?","Add-on to home policies for high-value items like gold/diamonds (requires valuation)."
"What is an inflation guard clause?","Auto-adjusts home insurance sum insured yearly to account for inflation."
"What is a reinstatement clause?","Pays to rebuild your home to its original state (not just market value)."
"What is public liability cover?","Covers legal costs if someone is injured on your property (e.g., a guest slips)."
"What is professional indemnity insurance?","Covers legal costs if a client sues for errors in your professional services."
"What is directors and officers (D&O) insurance?","Protects company leaders from personal losses due to lawsuits."
"What is marine cargo insurance?","Covers goods during transit by ship/air/road against damage or loss."
"What is business interruption insurance?","Compensates for lost income if operations halt due to covered risks (e.g., fire)."
"What is workmen’s compensation insurance?","Mandatory for employers to cover employee injuries/deaths at work."
"What is fidelity guarantee insurance?","Covers losses due to employee fraud/theft (e.g., embezzlement)."
"What is product liability insurance?","Covers lawsuits if your product causes harm (e.g., food poisoning)."
"What is an insurance aggregator?","A platform (e.g., Policybazaar) to compare/buy policies from multiple insurers."
"What is an insurtech company?","Startups using tech (AI, blockchain) to simplify insurance processes."
"What is a Bancassurance model?","Banks selling insurance products as corporate agents for insurers."
"What is underinsured risk?","When sum insured is less than actual value (e.g., ₹5L for a ₹10L home)."
"What is overinsurance?","Paying for coverage exceeding actual risk (e.g., ₹2Cr term insurance with no liabilities)."
"What is subrogation in insurance?","Insurer’s right to recover claim costs from a third party at fault (e.g., a negligent driver)."
"What is a non-disclosure penalty?","Claim rejection if you hide pre-existing conditions or misrepresent facts."
"What is a ‘act of God’ clause?","Excludes natural disasters (e.g., floods, earthquakes) unless specifically covered."
"What is a ‘named perils’ policy?","Covers only risks explicitly listed (e.g., fire, theft), not all damages."
"What is an ‘all-risk’ policy?","Covers all damages except those explicitly excluded (broader than named perils)."
"What is a first-party claim?","Claim for your own losses (e.g., car repairs after an accident you caused)."
"What is a third-party claim?","Claim against someone else’s policy (e.g., suing a driver who hit your car)."
"What is a ‘no-fault’ claim?","Insurer pays your claim regardless of who caused the accident (e.g., in some motor policies)."
"What is a ‘deductible buy-back’ add-on?","Reduces/eliminates your deductible for an extra premium."
"What is a ‘premium loading’?","Higher charges due to risk factors (e.g., smoking, hazardous occupation)."
"What is a ‘cooling-off period’?","Timeframe (e.g., 30 days) to cancel a policy after purchase for a full refund."
"What is a ‘survival period’ in critical illness?","Time (e.g., 30 days) you must survive post-diagnosis to receive the payout."
"What is ‘return of premium’ term insurance?","Refunds all premiums paid if you outlive the policy term."
"What is ‘level term’ insurance?","Sum insured remains constant throughout the policy term."
"What is ‘increasing term’ insurance?","Sum insured rises yearly (e.g., to counter inflation)."
"What is ‘decreasing term’ insurance?","Sum insured reduces over time (e.g., for loans where liability falls yearly)."
"What is ‘joint life’ insurance?","Covers two people (e.g., spouses), paying out on the first death."
"What is ‘group credit life’ insurance?","Pays off a borrower’s loan if they die (common with home/mortgage loans)."
"What is ‘keyman insurance’?","Compensates a business for financial loss if a key employee dies."
"What is ‘mortgage protection insurance’?","Pays off your home loan if you die or become disabled."
"What is ‘dread disease’ coverage?","Another term for critical illness insurance (covers cancer, stroke, etc.)."
"What is ‘hospital indemnity’ insurance?","Pays fixed cash for each hospitalization day, regardless of bills."
"What is ‘short-term’ health insurance?","Temporary coverage (1-12 months) for gaps between long-term policies."
"What is ‘catastrophic’ health insurance?","Covers severe illnesses/accidents with very high deductibles (low premiums)."
"What is ‘Mediclaim’?","A generic term for health insurance in India (originally a product name by GIC)."
"What is ‘super top-up’ vs ‘top-up’?","Super top-up ignores individual claim thresholds; covers aggregate excess."
"What is ‘restoration with same illness’?","Reinstates sum insured even for the same disease in the same year."
"What is ‘automatic restoration’?","Sum insured is restored automatically after exhaustion, without a waiting period."
"What is ‘AYUSH day-care’?","Covers alternative treatments (e.g., Ayurveda) requiring <24-hour hospitalization."
"What is ‘domiciliary hospitalization’?","Covers home treatment deemed medically equivalent to hospitalization."
"What is ‘hassle-free’ claims?","Insurers waive documents for small claims (e.g., under ₹5,000) based on trust."
"What is ‘instant issuance’?","Policies issued immediately online without medical checks (for low sums insured)."
"What is ‘tele-underwriting’?","Health assessments done via video calls/questionnaires instead of physical tests."
"What is ‘continuous coverage’ bonus?","Extra benefits (e.g., no new waiting periods) for renewing without breaks."
"What is ‘lifetime renewability’?","Health policies that can be renewed indefinitely, even at old age."
"What is ‘premium rate lock’?","Guarantees fixed premiums for a set period (e.g., 5 years) despite age/claims."
"What is ‘co-insurance’?","Shared risk between insurer and policyholder (e.g., insurer pays 80%, you pay 20%)."
"What is ‘stop-loss’ in insurance?","Maximum out-of-pocket you’ll pay in a year; insurer covers 100% beyond this."
"What is ‘aggregate deductible’?","Total deductible across multiple claims in a policy year (vs. per-claim deductible)."
"What is ‘embedded deductible’?","A hidden deductible within a co-payment clause (rare in Indian policies)."
"What is ‘first-dollar coverage’?","No deductibles/copays—insurer pays from the first rupee of a claim."
"What is ‘loss of license’ cover?","Compensates professionals (e.g., doctors) if legally barred from practicing."
"What is ‘business overhead’ insurance?","Pays rent, salaries, etc., if the owner is disabled and can’t work."
"What is ‘buy-sell agreement’ funding?","Life insurance ensures partners can buy a deceased partner’s business share."
"What is ‘errors & omissions’ insurance?","Covers legal costs for professionals (e.g., architects) sued over mistakes."
"What is ‘employment practices liability’?","Covers lawsuits from employees (e.g., wrongful termination, harassment)."
"What is ‘crop insurance’?","Compensates farmers for crop damage due to weather, pests, or price drops."
"What is ‘livestock insurance’?","Covers death/disease of cattle, poultry, etc., for farmers/dairy businesses."
"What is ‘event cancellation’ insurance?","Refunds costs if an event (e.g., wedding) is canceled due to emergencies."
"What is ‘prize indemnity’ insurance?","Covers cash/prizes for contests/game shows (if a winner is declared)."
"What is ‘kidnap & ransom’ insurance?","Pays ransom + crisis management for kidnappings (for high-net-worth individuals)."
"What is ‘political risk’ insurance?","Covers businesses against losses from government actions (e.g., expropriation)."
"What is ‘trade credit’ insurance?","Protects suppliers if a buyer defaults on payments (common in exports)."
"What is ‘aviation insurance’?","Covers aircraft damage, passenger liability, and flight cancellations."
"What is ‘hull insurance’ for ships?","Covers physical damage to a vessel (like motor insurance for cars)."
"What is ‘protection & indemnity’ (P&I) insurance?","Covers shipowners’ liabilities (e.g., oil spills, crew injuries)."
"What is ‘cyber liability’ insurance?","Covers data breaches, ransomware attacks, and legal fines for businesses."
"What is ‘media liability’ insurance?","Protects publishers/broadcasters from lawsuits (e.g., defamation, copyright)."
"What is ‘intellectual property’ insurance?","Covers legal costs to defend patents/trademarks."
"What is ‘environmental liability’ insurance?","Covers cleanup costs/fines for pollution (e.g., factory chemical leaks)."
"What is ‘directors & officers’ (D&O) insurance?","Protects executives from personal liability for company decisions."
"What is ‘fiduciary liability’ insurance?","Covers mismanagement of employee benefits (e.g., pensions, 401(k))."
"What is ‘crime insurance’?","Covers theft, fraud, or forgery by employees/third parties."
"What is ‘surety bond’ insurance?","Guarantees contractual obligations (e.g., construction projects)."
"What is ‘title insurance’?","Protects homebuyers against legal defects in property ownership history."
"What is ‘warranty insurance’?","Covers repairs for appliances/vehicles beyond the manufacturer’s warranty."
"What is ‘gap insurance’ for cars?","Pays the difference between a car’s insured value and loan balance if totaled."
"What is ‘equipment breakdown’ insurance?","Covers repairs for machinery (e.g., AC, elevators) in homes/businesses."
"What is ‘boiler & machinery’ insurance?","Legacy term for equipment breakdown coverage (industrial focus)."
"What is ‘difference in conditions’ (DIC) insurance?","Fills gaps in standard policies (e.g., flood coverage in home insurance)."
"What is ‘parametric insurance’?","Pays claims based on triggers (e.g., earthquake magnitude) vs. actual losses."
"What is ‘microinsurance’?","Low-premium policies for low-income groups (e.g., ₹1/day health plans)."
"What is ‘peer-to-peer’ (P2P) insurance?","Groups pool premiums to cover each other’s claims (cuts insurer profits)."
"What is ‘blockchain insurance’?","Smart contracts automate claims (e.g., flight delay payouts via blockchain)."
"What is ‘usage-based’ insurance?","Premiums adjust based on behavior (e.g., safe driving tracked via telematics)."
"What is ‘on-demand’ insurance?","Coverage activated only when needed (e.g., hourly travel insurance)."
"What is ‘insurtech’?","Technology (AI, IoT) disrupting insurance (e.g., chatbots for claims, wearables for discounts)."
"What is ‘embedded insurance’?","Coverage sold with products (e.g., phone insurance at checkout on Amazon)."
"What is ‘green insurance’?","Discounts for eco-friendly choices (e.g., hybrid cars, solar-paneled homes)."
"What is ‘pet insurance’?","Covers vet bills for accidents/illnesses (excludes pre-existing conditions)."
"What is ‘exotic pet insurance’?","Coverage for rare pets (e.g., parrots, reptiles) with higher premiums."
"What is ‘livestock mortality’ insurance?","Compensates farmers for death of cattle/poultry due to accidents/disease."
"What is ‘aquaculture insurance’?","Covers fish/shrimp farms against disease, pollution, or natural disasters."
"What is ‘bee insurance’?","Protects beekeepers against hive loss (theft, disease, pesticides)."
"What is ‘bloodstock insurance’?","Covers racehorses’ mortality, infertility, or loss of use."
"What is ‘cancellation insurance’ for events?","Refunds deposits if weddings/conferences cancel due to emergencies."
"What is ‘hole-in-one’ insurance?","Pays prize costs if a golfer hits a hole-in-one at a tournament."
"What is ‘weather insurance’?","Compensates for losses due to rain, frost, etc. (e.g., outdoor wedding cancellations)."
"What is ‘event liability’ insurance?","Covers injuries/property damage at concerts, fairs, etc."
"What is ‘terrorism insurance’?","Government-backed coverage for attacks (e.g., Mumbai 26/11-type incidents)."
"What is ‘active shooter’ insurance?","Covers businesses for mass shooting-related losses (common in the US)."
"What is ‘pandemic insurance’?","Coverage for business interruptions due to outbreaks (excluded in most policies post-COVID)."
"What is ‘epidemic endorsement’?","Add-on to cover limited infectious disease risks (e.g., dengue, malaria)."
"What is ‘business interruption’ due to disease?","Compensates lost income if forced to close by health authorities."
"What is ‘civil authority’ coverage?","Pays when access to your business is restricted (e.g., lockdowns)."
"What is ‘contingent business interruption’?","Covers losses if a supplier/customer is disrupted (e.g., factory fire)."
"What is ‘service interruption’ insurance?","Compensates for utility outages (e.g., power, water) affecting business."
"What is ‘ransomware insurance’?","Covers ransom payments + data recovery after a cyberattack."
"What is ‘social engineering fraud’ coverage?","Protects against scams tricking employees to transfer money (e.g., fake CEO emails)."
"What is ‘crypto insurance’?","Covers theft of cryptocurrencies from wallets/exchanges (rare, high-risk)."
"What is ‘NFT insurance’?","Emerging coverage for non-fungible token theft/damage (experimental)."
"What is ‘deepfake fraud’ insurance?","Covers losses from AI-generated fake identities/voices in scams."
"What is ‘space tourism insurance’?","Covers passengers on commercial spaceflights (e.g., Virgin Galactic)."
"What is ‘satellite insurance’?","Covers launch failures, orbital malfunctions, or space debris damage."
"What is ‘drone insurance’?","Covers damage/theft of drones + liability for third-party injuries."
"What is ‘autonomous vehicle’ insurance?","Debated model: manufacturer vs. owner liability for self-driving cars."
"What is ‘e-bike insurance’?","Specialized coverage for electric bicycles (theft, accidents, battery fires)."
"What is ‘shared mobility’ insurance?","Covers car/bike rentals (e.g., Zoomcar, Bounce) on a per-use basis."
"What is ‘pay-per-mile’ insurance?","Premiums based on miles driven (tracked via OBD devices/mobile apps)."
"What is ‘black box’ car insurance?","Telematics device monitors driving behavior (speed, braking) for discounts."
"What is ‘OEM parts’ coverage?","Guarantees genuine manufacturer parts for car repairs (vs. cheaper duplicates)."
"What is ‘classic car’ insurance?","Agreed-value coverage for vintage cars (accounting for appreciation)."
"What is ‘modified car’ insurance?","Covers aftermarket upgrades (e.g., turbo engines, custom paint)."
"What is ‘kit car’ insurance?","Coverage for self-assembled vehicles (e.g., replica Ferraris built from kits)."
"What is ‘off-road vehicle’ insurance?","Covers ATVs, dirt bikes, etc., for non-highway use."
"What is ‘salvage title’ insurance?","High-risk coverage for cars previously declared total losses (flood/fire damage)."
"What is ‘non-standard auto’ insurance?","For drivers with DUIs, accidents, or poor credit (higher premiums)."
"What is ‘assigned risk’ pool?","State-mandated coverage for high-risk drivers rejected by insurers."
"What is ‘rideshare insurance’?","Covers Uber/Ola drivers during periods without passengers (personal policies exclude this)."
"What is ‘commercial auto’ insurance?","For vehicles used for business (e.g., delivery vans, taxis)."
"What is ‘intermodal insurance’?","Covers goods transported via multiple modes (ship + truck + rail)."
"What is ‘logistics liability’ insurance?","Protects freight forwarders/couriers against cargo damage/delays."
"What is ‘marine hull’ insurance?","Covers ships/boats for collisions, sinking, or piracy."
"What is ‘protection & indemnity’ (P&I) club?","Mutual insurance groups for shipowners’ liability risks."
"What is ‘cargo insurance’?","Covers goods in transit against damage, theft, or delays."
"What is ‘aircraft hull’ insurance?","Covers physical damage to planes (like motor insurance for cars)."
"What is ‘aviation liability’ insurance?","Covers passenger injuries/damage caused by aircraft to third parties."
"What is ‘war risk’ aviation insurance?","Add-on for conflicts/no-fly zones (excluded in standard policies)."
"What is ‘unmanned aerial vehicle (UAV) insurance’?","Covers drones for commercial use (e.g., photography, surveys)."
"What is ‘hijacking’ insurance?","Compensates airlines for ransom, rescue costs, or plane recovery."
"What is ‘space debris’ insurance?","Covers satellites damaged by orbital junk (emerging market)."
"What is ‘rocket launch’ insurance?","Covers failures during satellite launches (high-cost, specialized)."
"What is ‘crop hail’ insurance?","Compensates farmers for hail damage (vs. multi-peril crop insurance)."
"What is ‘livestock mortality’ insurance?","Pays market value if cattle/poultry die due to covered risks."
"What is ‘greenhouse insurance’?","Covers damage to greenhouse structures/crops from weather, fire, etc."
"What is ‘aquaculture insurance’?","Protects fish/shrimp farms against disease, pollution, or storms."
"What is ‘forestry insurance’?","Covers timberland against fires, pests, or illegal logging."
"What is ‘bloodstock insurance’?","Covers racehorses for death, infertility, or loss of racing ability."
"What is ‘equine mortality’ insurance?","Pays if a horse dies due to illness, accident, or euthanasia."
"What is ‘pet insurance’ for exotic animals?","Coverage for reptiles, birds, etc. (higher premiums than cats/dogs)."
"What is ‘veterinary malpractice’ insurance?","Covers lawsuits against vets for negligence/errors."
"What is ‘animal mortality’ insurance?","Broad coverage for zoo/ circus animals, livestock, or pets."
"What is ‘kennel insurance’?","Covers pet boarding businesses for liability, property damage, or animal deaths."
"What is ‘animal bailee’ coverage?","Protects vets/groomers if pets in their care are injured/lost."
"What is ‘livestock transit’ insurance?","Covers cattle/poultry during transport by road/air."
"What is ‘show animal’ insurance?","Covers prize animals (e.g., dogs, horses) at competitions."
"What is ‘endangered species’ insurance?","Covers zoos/conservatories for high-value rare animals."
"What is ‘circus insurance’?","Specialized coverage for performers, animals, and equipment."
"What is ‘rodeo insurance’?","Covers injuries to riders, livestock, or spectators at rodeo events."
"What is ‘aquarium insurance’?","Protects public/private aquariums for exhibits, filtration failures, etc."
"What is ‘falconry insurance’?","Covers trained birds of prey used in hunting or shows."
"What is ‘guide dog’ insurance?","Covers medical costs for service dogs if injured/ill."
"What is ‘police K9’ insurance?","Covers law enforcement dogs for injuries or death on duty."
"What is ‘animal shelter’ insurance?","Covers liability, property, and animal injuries for rescue orgs."
"What is ‘pet grooming’ insurance?","Protects groomers against claims (e.g., cuts, allergic reactions)."
"What is ‘pet sitting’ insurance?","Covers sitters for liability or pet injuries under their care."
"What is ‘dog walking’ insurance?","Protects walkers if a dog bites someone or causes property damage."
"What is ‘horse riding school’ insurance?","Covers injuries to students/horses at equestrian centers."
"What is ‘animal therapy’ insurance?","Liability coverage for therapy animals visiting hospitals/schools."
"What is ‘pet product liability’ insurance?","Covers lawsuits if pet food/toys harm animals."
"What is ‘veterinary drug’ liability?","Protects drug makers if medications cause animal harm."
"What is ‘livestock vaccine’ insurance?","Covers losses if vaccines cause adverse reactions in herds."
"What is ‘dairy herd’ insurance?","Compensates for milk production loss due to disease/accidents."
"What is ‘poultry flock’ insurance?","Covers bird deaths due to outbreaks (e.g., avian flu)."
"What is ‘swine herd’ insurance?","Protects pig farms against disease outbreaks or mortality."
"What is ‘beehive’ insurance?","Covers honeybee colonies against collapse, theft, or pesticide damage."
"What is ‘sericulture’ insurance?","Protects silk worm farmers against crop/pest losses."
"What is ‘aquatic animal’ insurance?","Covers fish, shrimp, or mollusks in aquaculture farms."
"What is ‘ornamental fish’ insurance?","Covers high-value aquarium fish (e.g., koi, arowana) for mortality."
"What is ‘crocodile farm’ insurance?","Specialized coverage for reptile breeders (meat/leather industries)."
"What is ‘ostrich farm’ insurance?","Covers ostriches raised for meat, feathers, or tourism."
"What is ‘deer farming’ insurance?","Protects deer/cervid farms against disease or escapes."
"What is ‘alpaca/llama’ insurance?","Covers fiber-producing animals for mortality or theft."
"What is ‘rabbit farming’ insurance?","Protects meat/fur rabbit breeders against disease outbreaks."
"What is ‘snail farming’ insurance?","Covers heliciculture (edible snail) farms against losses."
"What is ‘worm farming’ insurance?","Protects vermiculture (composting worms) businesses."
"What is ‘game bird’ insurance?","Covers pheasants, quails, etc., raised for hunting preserves."
"What is ‘falcon breeding’ insurance?","High-value coverage for endangered falcons (e.g., peregrines)."
"What is ‘cavy (guinea pig)’ insurance?","Covers lab/research guinea pigs for breeders."
"What is ‘rodent breeding’ insurance?","For labs/pet trade breeders of mice, rats, or hamsters."
"What is ‘reptile breeding’ insurance?","Covers snake/lizard farms for the exotic pet trade."
"What is ‘amphibian’ insurance?","Protects frog/salamander breeders (e.g., for labs or pets)."
"What is ‘invertebrate’ insurance?","Covers butterfly farms, tarantula breeders, etc."
"What is ‘coral farming’ insurance?","Protects aquaculture operations growing coral for reefs/aquariums."
"What is ‘seaweed farming’ insurance?","Covers aquatic plant cultivators against storms/pollution."
"What is ‘biofuel crop’ insurance?","For farmers growing jatropha, algae, or other energy crops."
"What is ‘organic farm’ insurance?","Higher premiums due to organic certification requirements."
"What is ‘biodynamic farming’ insurance?","Specialized coverage for holistic agriculture practices."
"What is ‘hydroponics’ insurance?","Covers soil-less farming systems against equipment failures."
"What is ‘vertical farming’ insurance?","Protects indoor stacked agriculture setups (e.g., LED light failures)."
"What is ‘community garden’ insurance?","Liability coverage for urban shared gardening spaces."
"What is ‘vineyard’ insurance?","Covers grapevines against frost, disease, or hail damage."
"What is ‘winery’ insurance?","Combines property, liquor liability, and crop coverage for vineyards."
"What is ‘brewery hop’ insurance?","Protects hop farmers against crop failures for beer production."
"What is ‘coffee plantation’ insurance?","Covers arabica/robusta crops against droughts or pests."
"What is ‘tea estate’ insurance?","Protects tea bushes against weather, pests, or worker liabilities."
"What is ‘cocoa farm’ insurance?","Covers chocolate-producing crops against disease (e.g., black pod)."
"What is ‘vanilla farm’ insurance?","High-value coverage for labor-intensive vanilla orchid crops."
"What is ‘spice farm’ insurance?","Protects cardamom, pepper, or saffron growers against losses."
"What is ‘truffle farm’ insurance?","Covers high-value fungal crops (often excluded as ‘uninsurable’)."
"What is ‘maple syrup’ insurance?","Protects sugarbushes against tree damage or poor sap yields."
"What is ‘olive grove’ insurance?","Covers olive trees for oil production against frost/disease."
"What is ‘date palm’ insurance?","Protects Middle Eastern/North African date plantations."
"What is ‘banana plantation’ insurance?","Covers Cavendish/Gros Michel crops against Panama disease."
"What is ‘pineapple farm’ insurance?","Protects tropical growers against storms or crop diseases."
"What is ‘avocado orchard’ insurance?","High-premium coverage for theft-prone Hass avocado farms."
"What is ‘mango orchard’ insurance?","Covers Indian/Pakistani mango crops against monsoons/pests."
"What is ‘apple orchard’ insurance?","Protects against frost, hail, or fire blight in temperate climates."
"What is ‘citrus grove’ insurance?","Covers oranges/lemons against greening disease or freezes."
"What is ‘stone fruit’ insurance?","For peach, plum, or cherry growers against weather/pest losses."
"What is ‘berry farm’ insurance?","Protects strawberry/blueberry crops against mold/bird damage."
"What is ‘nut orchard’ insurance?","Covers almonds, walnuts, or pistachios against droughts/pests."
"What is ‘coconut plantation’ insurance?","Protects tropical growers against typhoons/eruptions."
"What is ‘quinoa farm’ insurance?","Covers Andean grain crops against climate volatility."
"What is ‘sugarcane’ insurance?","Protects against droughts, floods, or mill processing delays."
"What is ‘tobacco farm’ insurance?","High-risk coverage for carcinogenic crop growers."
"What is ‘cotton farm’ insurance?","Covers ‘white gold’ crops against boll weevils or price drops."
"What is ‘jute farm’ insurance?","Protects Bangladeshi/Indian fiber growers against monsoon floods."
"What is ‘hemp farm’ insurance?","Emerging market for CBD/industrial hemp (excludes THC cannabis)."
"What is ‘cannabis crop’ insurance?","Limited coverage for legal marijuana growers (high theft risk)."
"What is ‘opium poppy’ insurance?","Government-regulated coverage for medicinal morphine producers."
"What is ‘flower farm’ insurance?","Covers roses/tulips against weather or transport delays."
"What is ‘bamboo farm’ insurance?","Protects fast-growing bamboo for construction/culinary uses."
"What is ‘Christmas tree’ insurance?","Covers pine/fir farms against fire/theft before holidays."
"What is ‘bonsai nursery’ insurance?","High-value coverage for miniature tree cultivators."
"What is ‘golf course’ insurance?","Combines property, liability, and turfgrass disease coverage."
"What is ‘turf farm’ insurance?","Protects sod growers against droughts or failed deliveries."
"What is ‘seed crop’ insurance?","Specialized coverage for hybrid/GMO seed producers."
"What is ‘nursery stock’ insurance?","Covers ornamental plant growers against pest outbreaks."
"What is ‘forest nursery’ insurance?","Protects saplings for reforestation projects."
"What is ‘mushroom farm’ insurance?","Covers indoor fungal cultivation against contamination."
"What is ‘tissue culture’ insurance?","For labs cloning plants (e.g., bananas, orchids)."
"What is ‘hydroponic cannabis’ insurance?","High-premium coverage for indoor marijuana growers."
"What is ‘aeroponics’ insurance?","Protects soil-less mist-growing systems (e.g., potato seeds)."
"What is ‘aquaponic’ insurance?","Combined fish/plant farming coverage for system failures."
"What is ‘permaculture’ insurance?","Holistic coverage for sustainable agroforestry systems."
"What is ‘agritourism’ insurance?","Covers farm stays, pumpkin patches, or corn mazes for liability."
"What is ‘u-pick farm’ insurance?","Protects ‘pick-your-own’ fruit/vegetable operations."
"What is ‘petting zoo’ insurance?","Liability coverage for injuries caused by farm animals to visitors."
"What is ‘rodeo school’ insurance?","Covers bucking bronco/clown training academies."
"What is ‘horseback trail’ insurance?","Protects guided riding tours against accidents/theft."
"What is ‘falconry school’ insurance?","Covers bird-of-prey training programs."
"What is ‘fishing pond’ insurance?","Liability for pay-to-fish operations (e.g., trout farms)."
"What is ‘hunting preserve’ insurance?","Covers game bird/boar hunting businesses."
"What is ‘safari park’ insurance?","High-risk coverage for exotic animal attractions."
"What is ‘marine mammal’ insurance?","For dolphin/whale shows (controversial due to captivity laws)."
"What is ‘reptile park’ insurance?","Covers snake/crocodile exhibits for escapes/bites."
"What is ‘butterfly house’ insurance?","Protects live butterfly conservatories."
"What is ‘bird aviary’ insurance?","Coverage for parrot/eagle sanctuaries or exhibits."
"What is ‘apiary’ insurance?","Beekeeping coverage for hive theft/disease."
"What is ‘worm composting’ insurance?","Protects vermiculture operations for organic waste."
"What is ‘algae farm’ insurance?","Covers spirulina/chlorella growers for bioreactors."
"What is ‘biofloc’ insurance?","For high-density fish/shrimp farming systems."
"What is ‘hatchery’ insurance?","Covers fish/poultry egg incubation facilities."
"What is ‘feedlot’ insurance?","Protects cattle finishing operations against disease."
"What is ‘dairy parlor’ insurance?","Covers milking equipment breakdowns or contamination."
"What is ‘poultry layer’ insurance?","For egg-producing hen farms against avian flu."
"What is ‘broiler chicken’ insurance?","Covers meat-bird growers against price fluctuations."
"What is ‘quail egg’ insurance?","Specialty coverage for high-value petite egg producers."
"What is ‘ostrich egg’ insurance?","Protects valuable incubation investments."
"What is ‘caviar farm’ insurance?","High-premium coverage for sturgeon roe operations."
"What is ‘frog leg’ insurance?","For bullfrog farms supplying gourmet restaurants."
"What is ‘snail caviar’ insurance?","Covers rare escargot roe producers."
"What is ‘edible insect’ insurance?","Emerging market for cricket/mealworm protein farms."
"What is ‘silk farm’ insurance?","Protects mulberry-fed silkworm cocoon harvests."
"What is ‘lac insect’ insurance?","For shellac-producing beetle resin farms."
"What is ‘cochineal’ insurance?","Covers dye-producing cactus scale insect farms."
"What is ‘pearl farm’ insurance?","Protects oyster/mussel aquaculture for gem production."
"What is ‘coral jewelry’ insurance?","For sustainable harvested coral crafters."
"What is ‘sea cucumber’ insurance?","Covers high-value bêche-de-mer (dried seafood) farms."
"What is ‘abalone’ insurance?","Protects gourmet mollusk farms against poaching."
"What is ‘geoduck’ insurance?","For giant clam farmers in the Pacific Northwest."
"What is ‘lobster farm’ insurance?","Covers spiny lobster aquaculture operations."
"What is ‘eel farm’ insurance?","Protects unagi growers (high mortality risk)."
"What is ‘octopus farm’ insurance?","Controversial coverage for intelligent cephalopod cultivation."
"What is ‘jellyfish farm’ insurance?","For aquarium/exotic food markets."
"What is ‘krill oil’ insurance?","Covers Antarctic shrimp harvesting for supplements."
"What is ‘plankton farm’ insurance?","For microalgae producers (e.g., omega-3 supplements)."
"What is ‘seaweed snack’ insurance?","Protects nori/kelp growers for culinary uses."
"What is ‘fish meal’ insurance?","For anchovy/sardine processors (animal feed industry)."
"What is ‘aquarium trade’ insurance?","Covers tropical fish breeders for ornamental markets."
"What is ‘live rock’ insurance?","Protects coral rubble harvesters for saltwater tanks."
"What is ‘aquascaping’ insurance?","For underwater garden designers’ liability."
"What is ‘koi pond’ insurance?","High-value coverage for ornamental carp collectors."
"What is ‘fisheries’ insurance?","Combined hull, catch, and liability for commercial boats."
"What is ‘oyster reef’ insurance?","For restoration projects mitigating storm surges."
"What is ‘mangrove’ insurance?","Protects coastal carbon-sequestration plantations."
"What is ‘kelp forest’ insurance?","Covers underwater seaweed farms for carbon credits."
"What is ‘coral reef’ insurance?","Parametric policies for hurricane damage to reefs (e.g., Caribbean)."
"What is ‘bivalve’ insurance?","For clam/oyster growers improving water quality."
"What is ‘fish vaccine’ insurance?","Covers pharmaceutical R&D for aquaculture diseases."
"What is ‘aquatic feed’ insurance?","Protects algae-based fish meal alternative producers."
"What is ‘fishing gear’ insurance?","Covers loss/damage of nets, traps, or lobster pots."
"What is ‘whale watching’ insurance?","Liability for tourist boats near marine mammals."
"What is ‘dive shop’ insurance?","Combines equipment, liability, and accident coverage."
"What is ‘underwater hotel’ insurance?","For Maldives-style submerged accommodations."
"What is ‘mermaid school’ insurance?","Liability for professional mermaid swimming lessons."
"What is ‘shark diving’ insurance?","High-risk coverage for cage-diving operators."
"What is ‘shipwreck tour’ insurance?","Protects scuba excursions to historic wrecks."
"What is ‘underwater welding’ insurance?","High-premium coverage for commercial divers."
"What is ‘submarine’ insurance?","For tourist/research submersibles (excludes military)."
"What is ‘sonar equipment’ insurance?","Covers fish-finding/nautical mapping devices."
"What is ‘fishing drone’ insurance?","For UAVs casting lines or monitoring stocks."
"What is ‘robotic harvester’ insurance?","Protects AI-driven fruit-picking machines."
"What is ‘vertical farming robot’ insurance?","Covers automated indoor agriculture systems."
"What is ‘milking robot’ insurance?","For automated dairy parlors (e.g., Lely Astronaut)."
"What is ‘weed-killing drone’ insurance?","Liability for herbicide-spraying UAVs."
"What is ‘livestock tracking’ insurance?","Covers GPS collars for cattle/sheep."
"What is ‘smart hive’ insurance?","Protects IoT-enabled beehive monitoring systems."
"What is ‘aquaculture sensor’ insurance?","For water-quality monitors in fish farms."
"What is ‘hydroponic AI’ insurance?","Covers machine-learning nutrient dosing systems."
"What is ‘blockchain traceability’ insurance?","For farm-to-table supply chain tech."
"What is ‘ag drone’ insurance?","Covers crop-spraying/mapping unmanned aircraft."
"What is ‘soil sensor’ insurance?","Protects moisture/pH monitoring devices."
"What is ‘frost fan’ insurance?","For wind machines preventing orchard freeze damage."
"What is ‘irrigation pivot’ insurance?","Covers center-pivot sprinkler systems."
"What is ‘greenhouse automation’ insurance?","For climate-control computers in nurseries."
"What is ‘livestock facial recognition’ insurance?","Covers AI that identifies sick animals."
"What is ‘predator deterrent’ insurance?","For drones/lights scaring wolves from sheep."
"What is ‘electric tractor’ insurance?","Protects battery-powered farm vehicles."
"What is ‘ag solar panel’ insurance?","Covers photovoltaic arrays on farmland."
"What is ‘wind turbine’ insurance?","For on-farm renewable energy generators."
"What is ‘biogas digester’ insurance?","Protects manure-to-methane systems."
"What is ‘hydropower turbine’ insurance?","For small-scale farm creek generators."
"What is ‘grain silo’ insurance?","Covers storage facilities against explosions."
"What is ‘cold storage’ insurance?","For fruit/vegetable refrigeration warehouses."
"What is ‘wine cellar’ insurance?","Protects temperature-controlled collections."
"What is ‘cheese cave’ insurance?","Covers artisan aging facilities."
"What is ‘coffee roastery’ insurance?","For fire-prone bean roasting equipment."
"What is ‘chocolate tempering’ insurance?","Protects gourmet confectionery machines."
"What is ‘olive press’ insurance?","Covers artisanal oil extraction equipment."
"What is ‘cider mill’ insurance?","For apple-crushing/pressing operations."
"What is ‘maple evaporator’ insurance?","Protects sap-boiling equipment."
"What is ‘honey extractor’ insurance?","Covers mechanical comb-spinning devices."
"What is ‘mushroom drying’ insurance?","For dehydration equipment (e.g., morels)."
"What is ‘truffle-sniffing dog’ insurance?","Covers trained canines’ veterinary costs."
"What is ‘vineyard drone’ insurance?","For UAVs monitoring grape maturity."
"What is ‘winery barrel’ insurance?","Protects oak casks against leaks/theft."
"What is ‘distillery’ insurance?","Combines fire, equipment, and liquor liability."
"What is ‘brewery vat’ insurance?","Covers fermentation tank failures."
"What is ‘coffee bagging’ insurance?","For packaging equipment (e.g., nitrogen flush)."
"What is ‘tea blending’ insurance?","Protects machinery mixing herbal varieties."
"What is ‘spice grinding’ insurance?","Covers mills producing turmeric/cinnamon."
"What is ‘flour mill’ insurance?","For explosion-prone grain processing."
"What is ‘rice huller’ insurance?","Protects polishing/whitening equipment."
"What is ‘nut sheller’ insurance?","Covers almond/pistachio processing machines."
"What is ‘olive pitter’ insurance?","For devices removing stones from olives."
"What is ‘cherry stoner’ insurance?","Protects pitting equipment for canneries."
"What is ‘apple peeler’ insurance?","Cores/slices fruit for pie fillings."
"What is ‘potato sorter’ insurance?","For optical grading machines."
"What is ‘carrot washer’ insurance?","Covers root vegetable cleaning systems."
"What is ‘lettuce spinner’ insurance?","Protects salad-drying centrifuges."
"What is ‘tomato sorter’ insurance?","For AI-driven ripeness grading belts."
"What is ‘banana ripening’ insurance?","Covers ethylene gas-controlled rooms."
"What is ‘avocado squeezer’ insurance?","For texture-testing robots."
"What is ‘mango grader’ insurance?","Protects size/color sorting machines."
"What is ‘pineapple corer’ insurance?","Automates crown/fruit removal."
"What is ‘blueberry raker’ insurance?","Covers mechanical harvesters."
"What is ‘strawberry picker’ insurance?","For robotic harvesting arms."
"What is ‘grape crusher’ insurance?","Protects destemming equipment."
"What is ‘hop pelletizer’ insurance?","Covers beer ingredient processing."
"What is ‘yeast bank’ insurance?","Protects brewers’ strain collections."
"What is ‘sourdough starter’ insurance?","For theft of prized cultures."
"What is ‘kombucha SCOBY’ insurance?","Covers symbiotic culture containers."
"What is ‘cheese culture’ insurance?","Protects bacterial/ fungal strains."
"What is ‘probiotic’ insurance?","For live microbe supplement production."
"What is ‘vinegar mother’ insurance?","Covers acetobacter cultures."
"What is ‘tempeh starter’ insurance?","For rhizopus mold inoculants."
"What is ‘natto bacteria’ insurance?","Protects bacillus subtilis cultures."
"What is ‘miso koji’ insurance?","Covers aspergillus oryzae mold."
"What is ‘sake yeast’ insurance?","For japanese rice wine strains."
"What is ‘kefir grain’ insurance?","Protects tibetan milk cultures."
"What is ‘yogurt culture’ insurance?","Covers thermophilic bacteria."
"What is ‘buttermilk’ insurance?","For traditional churning operations."
"What is ‘ghee clarification’ insurance?","Protects indian butter oil production."
"What is ‘paneer press’ insurance?","Covers south asian cheese-making."
"What is ‘tofu coagulant’ insurance?","For magnesium chloride/ gypsum supplies."
"What is ‘soy milk’ insurance?","Protects plant-based beverage lines."
"What is ‘almond milk’ insurance?","Covers nut-processing equipment."
"What is ‘oat milk’ insurance?","For european-style emulsion systems."
"What is ‘rice milk’ insurance?","Protects asian beverage production."
"What is ‘coconut milk’ insurance?","Covers tropical pressing operations."
"What is ‘hemp milk’ insurance?","For cannabis seed beverage lines."
"What is ‘pea protein’ insurance?","Protects legume isolate machinery."
"What is ‘quinoa milk’ insurance?","Covers andean grain processing."
"What is ‘spirulina powder’ insurance?","For algae drying/ packaging."
"What is ‘chlorella tablet’ insurance?","Protects supplement pressing."
"What is ‘wheatgrass juicer’ insurance?","Covers cold-press equipment."
"What is ‘barley grass’ insurance?","For powdered superfood production."
"What is ‘moringa leaf’ insurance?","Protects african tree harvesting."
"What is ‘matcha stone’ insurance?","Covers japanese tea grinding."
"What is ‘turmeric press’ insurance?","For indian rhizome processing."
"What is ‘ginger extractor’ insurance?","Protects essential oil distillation."
"What is ‘garlic oil’ insurance?","Covers allicin extraction systems."
"What is ‘onion powder’ insurance?","For dehydration/ milling lines."
"What is ‘vanilla bean’ insurance?","Protects madagascar orchid curing."
"What is ‘cinnamon roll’ insurance?","Covers sri lankan bark processing."
"What is ‘cardamom pod’ insurance?","For guatemalan spice grading."
"What is ‘peppercorn’ insurance?","Protects indonesian berry drying."
"What is ‘saffron thread’ insurance?","Covers iranian crocus harvesting."
"What is ‘truffle shaver’ insurance?","For italian fungus processing."
"What is ‘morel dryer’ insurance?","Protects wild mushroom preservation."
"What is ‘chanterelle’ insurance?","Covers french forest foraging."
"What is ‘shiitake log’ insurance?","For japanese mushroom cultivation."
"What is ‘oyster mushroom’ insurance?","Protects straw-based growing."
"What is ‘enoki’ insurance?","Covers korean needle mushroom farms."
"What is ‘porcini’ insurance?","For italian boletus drying."
"What is ‘black garlic’ insurance?","Protects fermented bulb aging."
"What is ‘kimchi vat’ insurance?","Covers korean fermentation crocks."
"What is ‘sauerkraut’ insurance?","For german cabbage barrel aging."
"What is ‘pickle barrel’ insurance?","Protects brine cucumber storage."
"What is ‘olive brine’ insurance?","Covers mediterranean curing vats."
"What is ‘capocollo’ insurance?","For italian cured pork shoulder."
"What is ‘prosciutto’ insurance?","Protects dry-aged ham legs."
"What is ‘salami cage’ insurance?","Covers fermented sausage drying."
"What is ‘pepperoni’ insurance?","For american spicy sausage production."
"What is ‘chorizo’ insurance?","Protects spanish paprika-marinated links."
"What is ‘nduja’ insurance?","Covers calabrian spreadable salami."
"What is ‘biltong’ insurance?","For south african air-dried meat."
"What is ‘jerky dehydrator’ insurance?","Protects american snack production."
"What is ‘pemmican’ insurance?","Covers native american meat/fat bars."
"What is ‘smoked salmon’ insurance?","For norwegian wood-chip processing."
"What is ‘gravlax’ insurance?","Protects scandinavian cured fish."
"What is ‘bacalao’ insurance?","Covers portuguese salt cod drying."
"What is ‘anchovy barrel’ insurance?","For mediterranean fish curing."
"What is ‘caviar tin’ insurance?","Protects russian sturgeon roe packaging."
"What is ‘uni tray’ insurance?","Covers japanese sea urchin processing."
"What is ‘surimi line’ insurance?","For fake crab stick production."
"What is ‘fish sauce’ insurance?","Protects vietnamese fermentation vats."
"What is ‘shrimp paste’ insurance?","Covers thai kapi sun-drying."
"What is ‘dashi stock’ insurance?","For japanese kelp/bonito broth."
"What is ‘miso vat’ insurance?","Protects soybean fermentation."
"What is ‘doenjang’ insurance?","Covers korean bean paste aging."
"What is ‘gochujang’ insurance?","For korean chili paste production."
"What is ‘doubanjiang’ insurance?","Protects sichuan broad bean paste."
"What is ‘hoisin’ insurance?","Covers chinese sweet bean sauce."
"What is ‘oyster sauce’ insurance?","For cantonese mollusk reduction."
"What is ‘fish ball’ insurance?","Protects hong kong street food."
"What is ‘tofu skin’ insurance?","Covers yuba drying operations."
"What is ‘rice noodle’ insurance?","For vietnamese pho strand production."
"What is ‘udon cutter’ insurance?","Protects japanese wheat noodle lines."
"What is ‘soba stone’ insurance?","Covers buckwheat grinding mills."
"What is ‘ramen press’ insurance?","For instant noodle block molding."
"What is ‘wonton wrapper’ insurance?","Protects shanghai dumpling skins."
"What is ‘gyoza folder’ insurance?","Covers japanese pleating machines."
"What is ‘bao steamer’ insurance?","For cantonese bun proofing."
"What is ‘mantou’ insurance?","Protects northern chinese bread."
"What is ‘mochi pounder’ insurance?","Covers japanese rice cake mallets."
"What is ‘chapati roller’ insurance?","For indian flatbread production."
"What is ‘naan tandoor’ insurance?","Protects clay oven baking."
"What is ‘paratha’ insurance?","Covers pakistani layered dough."
"What is ‘puri fryer’ insurance?","For indian puffed bread vats."
"What is ‘dosa griddle’ insurance?","Protects south indian crepe stations."
"What is ‘idli steamer’ insurance?","Covers fermented rice cake molds."
"What is ‘appam pan’ insurance?","For kerala bowl-shaped pancakes."
"What is ‘puttu’ insurance?","Protects malayali layered rice cakes."
"What is ‘biriyani pot’ insurance?","Covers hyderabadi dum cooking."
"What is ‘korma karahi’ insurance?","For north indian curry woks."
"What is ‘vindaloo’ insurance?","Protects goan portuguese-influenced stew."
"What is ‘butter chicken’ insurance?","Covers punjabi tomato-cream sauce."
"What is ‘tandoori oven’ insurance?","For clay-fired chicken roasting."
"What is ‘seekh kabab’ insurance?","Protects minced meat skewer grills."
"What is ‘chaat cart’ insurance?","Covers street snack vendor liability."
"What is ‘pani puri’ insurance?","For mumbai hollow crisp filling."
"What is ‘bhel puri’ insurance?","Protects puffed rice mixture stalls."
"What is ‘dahi puri’ insurance?","Covers yogurt-topped snack stations."
"What is ‘samosa’ insurance?","For fried pastry triangle production."
"What is ‘kachori’ insurance?","Protects stuffed lentil dumplings."
"What is ‘pakora’ insurance?","Covers vegetable fritter fryers."
"What is ‘vada pav’ insurance?","For mumbai potato slider stands."
"What is ‘pav bhaji’ insurance?","Protects buttered bun/curry combo."
"What is ‘misal pav’ insurance?","Covers maharashtrian sprouted bean dish."
"What is ‘thali’ insurance?","For stainless steel meal platters."
"What is ‘banana leaf’ insurance?","Protects south indian serving surfaces."
"What is ‘lassi churn’ insurance?","Covers yogurt drink blending."
"What is ‘falooda’ insurance?","For rose syrup vermicelli dessert."
"What is ‘kulfi mold’ insurance?","Protects indian ice cream freezing."
"What is ‘gulab jamun’ insurance?","Covers milk-solid dumpling frying."
"What is ‘rasgulla’ insurance?","For bengali syrupy cheese balls."
"What is ‘rasmalai’ insurance?","Protects flattened milk cake soaking."
"What is ‘barfi cutter’ insurance?","Covers condensed milk sweet slicing."
"What is ‘jalebi swirl’ insurance?","For pretzel-shaped syrup soaking."
"What is ‘ladoo roller’ insurance?","Protects spherical sweet molding."
"What is ‘peda press’ insurance?","Covers milk fudge stamping."
"What is ‘sandesh’ insurance?","For bengali paneer sweet shaping."
"What is ‘mysore pak’ insurance?","Protects ghee-chickpea flour bars."
"What is ‘halwa’ insurance?","Covers semolina/pumpkin pudding."
"What is ‘kheer’ insurance?","For rice/milk slow-cooking."
"What is ‘phirni’ insurance?","Protects ground rice dessert setting."
"What is ‘shrikhand’ insurance?","Covers strained yogurt sweetening."
"What is ‘basundi’ insurance?","For reduced milk raisin/nut dessert."
"What is ‘malpua’ insurance?","Protects fried pancake syrup dipping."
"What is ‘balushahi’ insurance?","Covers glazed doughnut-like sweets."
"What is ‘sohan papdi’ insurance?","For flaky gram flour diamond cuts."
"What is ‘chikki’ insurance?","Protects peanut/jaggery brittle."
"What is ‘revdi’ insurance?","Covers sesame seed candy sheets."
"What is ‘til laddoo’ insurance?","For winter sesame/jaggery balls."
"What is ‘gond katira’ insurance?","Protects edible gum dessert prep."
"What is ‘khorak’ insurance?","Covers dried fruit/nut trail mixes."
"What is ‘pan masala’ insurance?","For betel nut-based mouth freshener."
"What is ‘supari’ insurance?","Protects areca nut processing."
"What is ‘paan leaf’ insurance?","Covers betel leaf wrapping."
"What is ‘mithai’ insurance?","For indian sweet shop liability."
"What is ‘namkeen’ insurance?","Protects savory snack production."
"What is ‘bhujia’ insurance?","Covers thin noodle-like crisps."
"What is ‘sev’ insurance?","For chickpea flour vermicelli."
"What is ‘gathiya’ insurance?","Protects gujarati fried strips."
"What is ‘fafda’ insurance?","Covers yellow crunchy sticks."
"What is ‘khakra’ insurance?","For thin roasted wheat crackers."
"What is ‘mathri’ insurance?","Protects flaky savory biscuits."
"What is ‘papad’ insurance?","Covers lentil wafer drying."
"What is ‘vadi’ insurance?","For sun-dried lentil dumplings."
"What is ‘pickle jar’ insurance?","Protects mango/lime brine aging."
"What is ‘chutney’ insurance?","Covers coconut/coriander grinding."
"What is ‘achaar’ insurance?","For north indian oil-based pickles."
"What is ‘thokku’ insurance?","Protects south indian paste preserves."
"What is ‘pachadi’ insurance?","Covers yogurt-based vegetable sides."
"What is ‘raita’ insurance?","For cucumber/yogurt condiment."
"What is ‘podimas’ insurance?","Protects grated coconut seasoning."
"What is ‘poriyal’ insurance?","Covers dry vegetable stir-fry."
"What is ‘kootu’ insurance?","For lentil-vegetable stew."
"What is ‘sambar’ insurance?","Protects tamarind-lentil broth."
"What is ‘rasam’ insurance?","Covers pepper-tomwater digestive."
"What is ‘puliyodarai’ insurance?","For tamarind rice preparation."
"What is ‘lemon rice’ insurance?","Protects turmeric-citrus mixing."
"What is ‘coconut rice’ insurance?","Covers grated kernel tossing."
"What is ‘curd rice’ insurance?","For yogurt-rice tempering."
"What is ‘bisi bele bath’ insurance?","Protects karnataka spicy rice."
"What is ‘pongal’ insurance?","Covers tamil lentil-rice dish."
"What is ‘upma’ insurance?","For semolina vegetable porridge."
"What is ‘poha’ insurance?","Protects flattened rice flakes."
"What is ‘idiyappam’ insurance?","Covers steamed rice noodle nests."
"What is ‘puttu’ insurance?","For layered coconut rice cakes."
"What is ‘appam’ insurance?","Protects lace-like rice pancakes."